{"data_time": 0.18942656849992545, "eta_seconds": 119.87098746000811, "fast_rcnn/cls_accuracy": 0.875, "fast_rcnn/false_negative": 1.0, "fast_rcnn/fg_cls_accuracy": 0.0, "iteration": 19, "loss_box_reg": 0.000326639405102469, "loss_cls": 0.5764531195163727, "loss_mask": 0.6956454515457153, "loss_rpn_cls": 0.15954815596342087, "loss_rpn_loc": 0.008893252816051245, "lr": 1.60675e-05, "mask_rcnn/accuracy": 0.1760204081632653, "mask_rcnn/false_negative": 0.8239795918367347, "mask_rcnn/false_positive": 0.0, "roi_head/num_bg_samples": 127.0, "roi_head/num_fg_samples": 1.0, "rpn/num_neg_anchors": 252.5, "rpn/num_pos_anchors": 3.5, "time": 0.42811066950002896, "total_loss": 1.4225564583175583}
{"data_time": 0.22984727850007403, "eta_seconds": 113.23490385999776, "fast_rcnn/cls_accuracy": 0.9921875, "fast_rcnn/false_negative": 1.0, "fast_rcnn/fg_cls_accuracy": 0.0, "iteration": 39, "loss_box_reg": 0.0003195497556589544, "loss_cls": 0.3403312861919403, "loss_mask": 0.5650637447834015, "loss_rpn_cls": 0.14772047847509384, "loss_rpn_loc": 0.008655037730932236, "lr": 3.2717500000000007e-05, "mask_rcnn/accuracy": 1.0, "mask_rcnn/false_negative": 0.0, "mask_rcnn/false_positive": 0.0, "roi_head/num_bg_samples": 127.0, "roi_head/num_fg_samples": 1.0, "rpn/num_neg_anchors": 252.5, "rpn/num_pos_anchors": 3.5, "time": 0.4358590669999103, "total_loss": 1.095525243319571}
{"data_time": 0.21410208150007293, "eta_seconds": 104.52452663999793, "fast_rcnn/cls_accuracy": 0.98828125, "fast_rcnn/false_negative": 1.0, "fast_rcnn/fg_cls_accuracy": 0.0, "iteration": 59, "loss_box_reg": 0.014048288110643625, "loss_cls": 0.17489420622587204, "loss_mask": 0.4386218637228012, "loss_rpn_cls": 0.10344736278057098, "loss_rpn_loc": 0.0049910268280655146, "lr": 4.93675e-05, "mask_rcnn/accuracy": 0.9160289115646258, "mask_rcnn/false_negative": 0.0, "mask_rcnn/false_positive": 1.0, "roi_head/num_bg_samples": 126.5, "roi_head/num_fg_samples": 1.5, "rpn/num_neg_anchors": 253.0, "rpn/num_pos_anchors": 3.0, "time": 0.43756683049991807, "total_loss": 0.7570552674587816}
{"data_time": 0.2193598755000039, "eta_seconds": 96.89564345999315, "fast_rcnn/cls_accuracy": 0.892578125, "fast_rcnn/false_negative": 1.0, "fast_rcnn/fg_cls_accuracy": 0.0, "iteration": 79, "loss_box_reg": 0.43166105449199677, "loss_cls": 0.2825753837823868, "loss_mask": 0.4266831874847412, "loss_rpn_cls": 0.027839794754981995, "loss_rpn_loc": 0.006081619765609503, "lr": 6.60175e-05, "mask_rcnn/accuracy": 0.8004343629343629, "mask_rcnn/false_negative": 0.0, "mask_rcnn/false_positive": 1.0, "roi_head/num_bg_samples": 114.25, "roi_head/num_fg_samples": 13.75, "rpn/num_neg_anchors": 252.5, "rpn/num_pos_anchors": 3.5, "time": 0.4540336400000342, "total_loss": 1.1973610981367528}
{"data_time": 0.19702158699999472, "eta_seconds": 88.203337799996, "fast_rcnn/cls_accuracy": 0.869140625, "fast_rcnn/false_negative": 1.0, "fast_rcnn/fg_cls_accuracy": 0.0, "iteration": 99, "loss_box_reg": 0.5221073031425476, "loss_cls": 0.26053373515605927, "loss_mask": 0.3722628057003021, "loss_rpn_cls": 0.006010466953739524, "loss_rpn_loc": 0.006682124920189381, "lr": 8.266750000000001e-05, "mask_rcnn/accuracy": 0.8161787808965228, "mask_rcnn/false_negative": 0.0, "mask_rcnn/false_positive": 1.0, "roi_head/num_bg_samples": 111.25, "roi_head/num_fg_samples": 16.75, "rpn/num_neg_anchors": 252.75, "rpn/num_pos_anchors": 3.25, "time": 0.4452528460000167, "total_loss": 1.1864898109342903}
{"data_time": 0.20818736950002403, "eta_seconds": 79.53898895998691, "fast_rcnn/cls_accuracy": 0.875, "fast_rcnn/false_negative": 0.9705627705627706, "fast_rcnn/fg_cls_accuracy": 0.029437229437229435, "iteration": 119, "loss_box_reg": 0.5295584499835968, "loss_cls": 0.21227161586284637, "loss_mask": 0.35354895889759064, "loss_rpn_cls": 0.005044832127168775, "loss_rpn_loc": 0.006711998954415321, "lr": 9.93175e-05, "mask_rcnn/accuracy": 0.8054668174087818, "mask_rcnn/false_negative": 0.0, "mask_rcnn/false_positive": 1.0, "roi_head/num_bg_samples": 111.25, "roi_head/num_fg_samples": 16.75, "rpn/num_neg_anchors": 252.0, "rpn/num_pos_anchors": 4.0, "time": 0.44506404850005765, "total_loss": 1.1115377090172842}
{"data_time": 0.21030736950001483, "eta_seconds": 71.24045536000267, "fast_rcnn/cls_accuracy": 0.94140625, "fast_rcnn/false_negative": 0.4393939393939394, "fast_rcnn/fg_cls_accuracy": 0.5606060606060606, "iteration": 139, "loss_box_reg": 0.5046877413988113, "loss_cls": 0.17046134918928146, "loss_mask": 0.29759761691093445, "loss_rpn_cls": 0.004222263814881444, "loss_rpn_loc": 0.00465528666973114, "lr": 0.0001159675, "mask_rcnn/accuracy": 0.8013229529616724, "mask_rcnn/false_negative": 0.0, "mask_rcnn/false_positive": 1.0, "roi_head/num_bg_samples": 108.75, "roi_head/num_fg_samples": 19.25, "rpn/num_neg_anchors": 252.5, "rpn/num_pos_anchors": 3.5, "time": 0.4567730764999851, "total_loss": 0.9888502814574167}
{"data_time": 0.20625256199991782, "eta_seconds": 61.98199097999577, "fast_rcnn/cls_accuracy": 0.9765625, "fast_rcnn/false_negative": 0.06897463002114165, "fast_rcnn/fg_cls_accuracy": 0.9310253699788583, "iteration": 159, "loss_box_reg": 0.5626599788665771, "loss_cls": 0.13741524517536163, "loss_mask": 0.2317349761724472, "loss_rpn_cls": 0.0031335015082731843, "loss_rpn_loc": 0.003666793229058385, "lr": 0.0001326175, "mask_rcnn/accuracy": 0.8343235616128057, "mask_rcnn/false_negative": 0.0, "mask_rcnn/false_positive": 1.0, "roi_head/num_bg_samples": 106.0, "roi_head/num_fg_samples": 22.0, "rpn/num_neg_anchors": 252.0, "rpn/num_pos_anchors": 4.0, "time": 0.4342582745000527, "total_loss": 0.9456373387074564}
{"data_time": 0.2037268829999448, "eta_seconds": 53.310054900007344, "fast_rcnn/cls_accuracy": 0.970703125, "fast_rcnn/false_negative": 0.02413984461709212, "fast_rcnn/fg_cls_accuracy": 0.9758601553829078, "iteration": 179, "loss_box_reg": 0.37113094329833984, "loss_cls": 0.09904788061976433, "loss_mask": 0.1702779084444046, "loss_rpn_cls": 0.006319729145616293, "loss_rpn_loc": 0.004301623674109578, "lr": 0.0001492675, "mask_rcnn/accuracy": 0.8807796556122449, "mask_rcnn/false_negative": 0.0, "mask_rcnn/false_positive": 0.8301767241241051, "roi_head/num_bg_samples": 99.25, "roi_head/num_fg_samples": 28.75, "rpn/num_neg_anchors": 252.5, "rpn/num_pos_anchors": 3.5, "time": 0.4542673390001255, "total_loss": 0.6416911158303265}
{"data_time": 0.2185671024999465, "eta_seconds": 44.52528460000167, "fast_rcnn/cls_accuracy": 0.97265625, "fast_rcnn/false_negative": 0.03200204813108039, "fast_rcnn/fg_cls_accuracy": 0.9679979518689197, "iteration": 199, "loss_box_reg": 0.2529546916484833, "loss_cls": 0.08650605008006096, "loss_mask": 0.1190250925719738, "loss_rpn_cls": 0.00337154942099005, "loss_rpn_loc": 0.004882385488599539, "lr": 0.0001659175, "mask_rcnn/accuracy": 0.9462905654064905, "mask_rcnn/false_negative": 0.0, "mask_rcnn/false_positive": 0.3697182378856631, "roi_head/num_bg_samples": 97.25, "roi_head/num_fg_samples": 30.75, "rpn/num_neg_anchors": 252.0, "rpn/num_pos_anchors": 4.0, "time": 0.45880320550008946, "total_loss": 0.45609814242925495}
{"data_time": 0.2441936899999746, "eta_seconds": 35.81861220000064, "fast_rcnn/cls_accuracy": 0.98046875, "fast_rcnn/false_negative": 0.0, "fast_rcnn/fg_cls_accuracy": 1.0, "iteration": 219, "loss_box_reg": 0.18207935988903046, "loss_cls": 0.07197961211204529, "loss_mask": 0.09641827642917633, "loss_rpn_cls": 0.0015312654431909323, "loss_rpn_loc": 0.0031507648527622223, "lr": 0.0001825675, "mask_rcnn/accuracy": 0.9676339285714286, "mask_rcnn/false_negative": 0.0, "mask_rcnn/false_positive": 0.23990896999684955, "roi_head/num_bg_samples": 96.0, "roi_head/num_fg_samples": 32.0, "rpn/num_neg_anchors": 252.25, "rpn/num_pos_anchors": 3.75, "time": 0.4772417020000148, "total_loss": 0.3567074374295771}
{"data_time": 0.20248774449999019, "eta_seconds": 26.824289760002102, "fast_rcnn/cls_accuracy": 0.98046875, "fast_rcnn/false_negative": 0.0, "fast_rcnn/fg_cls_accuracy": 1.0, "iteration": 239, "loss_box_reg": 0.15181491523981094,